<?xml version="1.0" encoding="UTF-8"?>
<Configuration>
  <Appenders>

    <!-- Console Appender -->
    <Console name="Console" target="SYSTEM_OUT">
      <PatternLayout pattern="%d{yyyy-MMM-dd HH:mm:ss a} [%t] %-5level %logger{36} - %msg%n" />
    </Console>

    <!-- File Appender -->
    <!-- <File name="File" fileName="app.log">
      <PatternLayout pattern="%d{yyyy-MMM-dd HH:mm:ss a} [%t] %-5level %logger{36} - %msg%n" />
    </File>
 -->
  </Appenders>
  <Loggers>
    <!-- Log everything in hibernate -->
    <Logger name="log4j.logger.org.hibernate" level="ERROR" additivity="false">
      <AppenderRef ref="Console" />
    </Logger>

  

    <Root level="error">
      <AppenderRef ref="Console" />
      
    </Root>
  </Loggers>
</Configuration>